age,income,credit_score,years_employed,default
56.0,70585.6669482087,541,3,0
69.0,39833.20860509924,531,30,0
,67302.97808011803,583,27,1
32.0,44374.840574452784,499,10,0
60.0,39587.81069738759,378,0,1
25.0,51647.90109564873,472,37,0
78.0,55136.85377011271,766,23,0
38.0,78672.94409764142,715,30,1
56.0,54793.06368303072,748,25,1
75.0,52899.170927740786,386,4,1
36.0,,400,19,0
40.0,59015.80916317305,307,10,1
28.0,40335.87229748078,499,32,0
28.0,70339.55577962288,804,37,0
41.0,38905.71845855971,386,26,0
70.0,40261.29082499436,342,33,1
53.0,37272.1895091813,684,14,1
57.0,,734,31,1
41.0,54997.59942259737,707,20,0
20.0,46131.46753184685,782,4,0
39.0,-2172.538204548342,316,5,1
,45976.05407075731,447,37,0
19.0,42231.316162915486,576,21,0
41.0,63392.38046448283,531,17,1
61.0,41551.12082809456,665,13,1
47.0,88088.86686816339,527,9,1
55.0,70951.90368155364,735,12,0
19.0,44151.34413485333,698,30,0
77.0,67244.34618249623,510,29,0
38.0,57878.175690364216,690,2,0
50.0,53501.986947203644,798,29,0
29.0,62039.78383411144,839,5,1
75.0,50811.063113907294,790,28,0
39.0,53605.267341162165,741,7,0
78.0,62350.287744184476,560,32,0
61.0,80786.79112618235,649,16,1
42.0,53767.92458329511,651,10,1
66.0,43193.05002541766,819,12,1
44.0,19561.53717359017,619,10,0
76.0,79419.55207945456,437,30,1
59.0,46051.3743114206,849,27,1
45.0,58022.139351219004,667,5,1
77.0,78588.60855390491,519,15,0
33.0,53414.034813957376,636,3,1
32.0,47079.9460718378,522,34,0
79.0,71295.09466315617,659,25,0
79.0,56911.05601345879,628,11,1
64.0,58791.58407085101,762,10,0
79.0,27152.58694292359,681,36,1
68.0,68088.72810863878,468,24,0
61.0,55633.82101987468,516,17,1
72.0,29426.15930415314,677,18,1
,57276.411674199124,418,22,1
74.0,19062.11489132376,489,37,0
20.0,,669,17,1
54.0,33472.17800027359,448,25,0
68.0,74176.89148577653,787,5,1
24.0,37805.6667782202,673,3,0
38.0,58403.385664560796,459,28,0
26.0,36318.07615085752,650,33,1
56.0,64956.7283284673,587,16,1
35.0,46470.21887139122,587,15,1
21.0,57016.69319311564,525,1,1
42.0,50225.96572368492,822,33,1
77.0,29515.028202745165,821,7,0
31.0,57561.60289535801,572,12,1
67.0,42451.43771501378,701,7,1
75.0,65679.69189511416,482,29,0
26.0,46462.102877739846,787,31,1
43.0,48848.54136457502,423,35,1
70.0,75243.89696559405,713,29,0
19.0,85724.55191761925,471,0,1
37.0,61790.50933568124,587,38,1
45.0,45692.89853864922,734,16,1
64.0,44380.08007465784,412,19,0
77.0,37719.8452202213,421,23,1
24.0,40621.42724669665,843,21,0
61.0,45895.85384744047,521,28,1
78.0,79463.7945049235,338,21,0
25.0,47041.674937197145,796,8,1
64.0,31609.204937028462,532,36,0
52.0,50624.97900688074,829,9,0
31.0,52671.926386415966,448,35,0
34.0,50534.53189775684,696,36,0
53.0,61995.36833877811,601,27,0
67.0,51035.0826703855,659,27,0
57.0,61530.912382209935,537,20,1
21.0,38294.84968913427,535,23,1
19.0,76710.94157217834,502,39,0
79.0,53787.19682515378,555,1,0
23.0,56003.284556105566,534,7,0
71.0,38232.321592800465,644,26,0
59.0,57077.40486899594,833,21,1
21.0,59765.97585005456,765,36,0
71.0,32453.47349262365,840,26,1
46.0,25113.62617418515,512,28,1
35.0,,762,2,0
43.0,42668.45264816701,735,12,0
61.0,53898.82203703594,582,9,1
51.0,30634.458936528274,762,35,1
27.0,26592.41128425994,706,8,0
79.0,53100.34194501615,387,26,0
53.0,44753.243585647215,343,33,0
31.0,18339.507182747322,760,0,1
48.0,70146.48227161594,577,31,1
65.0,30385.14397724364,720,24,0
32.0,,652,28,1
25.0,40639.74906667132,814,6,1
31.0,56023.40852188998,318,2,0
40.0,74704.23515580778,322,19,0
77.0,72191.50891743237,712,19,1
74.0,79792.04609340325,329,29,1
79.0,27153.856416794704,407,34,0
57.0,32962.01753739129,666,34,0
38.0,53389.95911141045,580,38,0
33.0,62596.21156846571,427,26,0
62.0,49831.58834930543,528,25,0
35.0,25430.089464299166,410,13,1
64.0,57448.67238447199,435,16,1
70.0,47086.22917648948,661,17,1
41.0,46906.415615662,485,28,1
43.0,15830.743732841642,428,19,0
42.0,61962.26306717472,560,26,0
77.0,52178.060904281876,814,17,0
77.0,76927.46834958445,748,3,1
77.0,48882.38530203241,403,0,1
62.0,58495.10195778534,782,0,1
58.0,62477.272641578944,523,25,0
46.0,23807.57662008213,790,19,1
32.0,89250.4991990239,772,22,0
62.0,43538.11418116075,309,9,0
18.0,57418.49903213727,704,10,0
42.0,59608.73010423727,601,4,0
24.0,37778.23808014554,530,0,0
26.0,77704.70497171405,365,16,0
41.0,53989.32904031649,411,21,1
18.0,46797.91044638999,312,33,0
61.0,52077.61943582664,692,28,0
25.0,,799,3,1
41.0,50161.9724721455,533,4,0
28.0,63228.948655748594,613,10,1
68.0,24726.91791548391,311,20,1
34.0,38780.45015260264,508,34,1
25.0,17917.99527786027,313,11,0
52.0,,717,25,0
52.0,79759.88191527402,736,18,1
50.0,59399.24101299477,676,6,0
76.0,34810.72893630453,319,6,0
22.0,85848.17408327485,369,25,1
59.0,40933.78282802432,510,39,1
56.0,46801.89309642254,400,4,0
75.0,52393.00108596084,431,20,1
58.0,56772.73913028454,680,13,1
45.0,59657.03902556478,431,3,1
24.0,60259.424562116765,319,22,0
26.0,47832.13871969143,835,19,0
25.0,60021.51427635069,526,14,0
29.0,47161.88510756484,453,28,1
51.0,58689.55155308331,768,7,0
50.0,57459.37666746163,704,18,1
65.0,61442.709361971814,501,38,0
72.0,59569.50048531448,337,27,0
40.0,43363.51437633054,487,26,1
79.0,56880.65257338519,356,3,0
41.0,59800.996068723296,319,14,1
54.0,30633.134165769414,572,34,0
52.0,45889.33464153456,418,36,0
61.0,59121.708368275,815,0,1
57.0,75639.38742094433,520,2,1
39.0,62373.50279193101,825,23,1
44.0,76585.66980466394,814,26,0
52.0,44024.39914734577,635,39,0
18.0,53752.85738371465,354,35,0
52.0,62086.02949289177,799,33,1
54.0,15104.724297503344,835,28,1
64.0,72662.0482717179,461,23,1
31.0,22086.3517871803,458,23,0
20.0,64954.101024176045,487,3,0
18.0,60302.47685813969,359,2,1
22.0,14906.104962276702,618,33,0
43.0,15664.081146005039,510,22,1
72.0,71487.22876178758,705,22,0
31.0,68220.83089529822,408,4,0
56.0,36787.04533267609,375,30,1
44.0,36771.816574339035,841,5,0
26.0,57689.07458564331,613,36,0
32.0,49808.83774267448,416,9,1
32.0,65815.92823773672,318,39,1
43.0,57193.7138664963,731,6,0
59.0,73745.46190934803,649,38,1
77.0,64551.1666687059,482,37,0
30.0,60811.59573710866,412,20,1
68.0,44718.12919544489,482,19,0
49.0,43620.18148757233,780,2,0
56.0,49223.61522942049,445,21,1
66.0,77614.14604905812,412,3,0
69.0,43905.87905915324,775,27,0
78.0,53907.93480611024,602,11,1
49.0,16327.95638439036,417,37,1
21.0,60137.13095066121,460,35,0
47.0,83857.9742163971,700,4,1
54.0,35995.428361056125,497,12,1
40.0,97616.63205690138,559,22,0
56.0,52733.6090698498,346,29,0
62.0,11406.031379234839,698,36,1
32.0,44216.92640048133,377,24,1
60.0,69956.57844903624,423,26,1
46.0,79989.75809374706,374,13,0
53.0,60771.47822377525,436,35,0
30.0,73513.91631318451,699,38,0
49.0,32333.2168776147,804,15,0
24.0,39796.07619209138,799,21,0
76.0,24808.110769973144,437,20,0
68.0,40924.05386012145,349,20,0
39.0,61428.784796534994,553,7,1
45.0,53189.83643574529,725,15,1
19.0,63017.735549947734,846,30,0
59.0,,601,9,0
62.0,36867.124597822,648,31,0
79.0,53069.15314287369,348,33,1
74.0,40960.28292042027,373,8,0
70.0,69527.73752240142,560,16,1
23.0,40588.716734337846,655,10,1
45.0,42569.1613560313,559,31,1
45.0,56282.591208027305,594,9,1
61.0,44160.677124087604,612,21,1
61.0,31475.8340969388,481,16,0
37.0,33509.66262751867,663,3,0
47.0,58066.489376104335,487,24,1
79.0,29619.327281569094,842,20,0
28.0,,847,36,1
75.0,39644.010735473756,707,37,1
72.0,59243.237254520915,713,0,0
45.0,40543.810639555486,641,24,0
42.0,36271.37930005453,519,35,0
56.0,53691.55523435273,462,16,0
79.0,65776.7520052385,519,23,0
50.0,46289.48373709843,569,1,1
18.0,49017.839693638096,699,39,0
74.0,62111.26041624202,481,14,0
44.0,62607.90875377334,504,31,0
79.0,,527,38,1
,43347.801612720665,549,5,0
69.0,51239.83939167547,740,0,1
30.0,47136.327629174855,832,22,0
58.0,54694.612277252774,495,38,0
20.0,32085.94359731371,818,16,1
56.0,54157.7236903812,369,33,0
,39225.44875743877,698,28,0
25.0,63588.314172357546,502,8,1
44.0,39912.98225944227,447,12,0
26.0,40173.35349213602,771,5,1
79.0,56680.982366176104,498,5,1
54.0,,725,19,1
50.0,84149.77439598256,791,2,1
68.0,25560.460841686214,441,16,1
,51647.794204321166,612,11,0
61.0,66944.74227458556,464,0,0
41.0,41325.29115609049,613,16,0
32.0,36341.6323289018,320,2,1
76.0,36937.030285305074,381,25,1
71.0,,430,14,1
49.0,70245.56940966043,604,35,1
49.0,45055.739872903876,670,31,0
41.0,43279.59290299654,683,31,0
58.0,18138.528885047395,744,3,1
69.0,28494.371413071727,724,17,1
66.0,71980.8463327864,460,18,0
79.0,54546.58499150868,477,34,1
66.0,67497.51244887659,789,39,1
75.0,65599.88659744745,626,13,1
69.0,34990.695791405895,588,32,0
29.0,86447.71592980954,653,13,0
79.0,79245.98893401845,327,33,1
56.0,41543.503368154474,342,3,0
19.0,-3523.0794903982314,722,23,1
20.0,44652.01865083885,476,28,1
66.0,53574.44393182173,828,18,0
54.0,41484.214478364636,793,5,1
66.0,46677.16854972924,497,32,1
73.0,37570.12945493308,816,39,0
34.0,63824.52077530771,813,18,1
76.0,50954.49860552833,321,0,1
66.0,64272.71094414431,411,4,1
19.0,68333.05019311905,356,26,0
19.0,,365,15,1
45.0,38442.166837488454,397,5,0
,40639.56059539184,443,39,1
40.0,88570.58539533174,734,12,1
,52235.08050350486,385,34,1
49.0,62188.40894544596,643,18,1
50.0,21789.62346088233,593,11,0
18.0,52148.23178746282,542,15,0
36.0,64674.394731743865,331,9,1
79.0,62929.47627590234,690,24,1
19.0,59350.99158374527,576,19,1
70.0,50195.007597426884,831,30,1
61.0,50923.52930938177,453,3,1
43.0,24601.00737935316,682,22,1
49.0,36492.00672219285,367,1,1
23.0,53464.15934582245,513,21,1
49.0,39260.36289610692,675,36,0
72.0,60332.57370549177,512,7,0
21.0,57001.73825397294,378,6,0
72.0,70510.5538208299,680,13,1
28.0,64373.80739228857,357,2,1
73.0,53408.92113701852,325,15,1
76.0,61219.706510928736,746,18,0
34.0,65076.53243449484,365,17,1
55.0,42388.440711380266,553,15,0
41.0,45060.03502520297,343,7,1
22.0,48547.60943909884,396,32,0
69.0,42867.04183753476,526,11,0
51.0,65235.30417595226,735,10,0
23.0,40590.34187484044,678,4,1
39.0,68774.77207099737,477,26,0
28.0,44495.40201679426,726,11,1
65.0,57085.94964259037,606,16,1
33.0,52496.22723144333,803,5,1
50.0,35360.302875625,567,32,1
26.0,49701.654057638145,307,4,1
77.0,55004.65297175896,807,27,0
76.0,49035.60969334253,775,13,1
23.0,29859.401622405738,596,4,1
33.0,75521.43865289257,463,32,1
46.0,51315.49224292604,784,18,1
20.0,38085.46137254717,371,21,1
37.0,74311.52035200912,537,4,0
77.0,59260.84714580488,403,1,0
76.0,31997.450053975863,509,29,1
53.0,34332.57880400182,767,38,0
36.0,46664.07920168237,753,3,0
43.0,54459.60468274733,567,32,1
20.0,59341.99747195883,685,12,0
36.0,64252.67719292852,686,19,1
37.0,58093.58609600214,558,6,0
49.0,70201.18967961494,582,14,0
24.0,51901.897395207045,339,22,0
69.0,38605.40929282667,785,13,1
58.0,49949.7369551154,519,22,0
50.0,,428,18,0
,11326.76855506262,819,28,1
56.0,41579.49711356512,559,19,1
35.0,54713.05599425676,665,28,0
57.0,43636.76652182321,843,23,1
18.0,,823,17,0
28.0,63670.64293706846,315,9,0
45.0,36251.81262836841,428,7,1
,60674.33975706234,408,25,1
42.0,30008.83293817573,832,28,1
67.0,,568,9,0
40.0,46764.71709648114,461,16,1
48.0,45151.02066055916,559,1,0
47.0,67145.98854334878,401,5,1
59.0,43719.42738790327,805,4,0
52.0,71823.91712488499,546,27,1
24.0,55573.9074572979,836,4,0
77.0,48224.03149180656,430,17,1
33.0,46624.91144944437,652,25,0
43.0,,495,19,1
65.0,53457.308219052546,681,26,1
74.0,56484.63096786155,526,11,0
69.0,58115.02808905443,775,6,1
77.0,51994.042778340365,776,2,0
,57798.08339524975,564,9,0
19.0,48225.14865978514,671,33,1
18.0,49252.87052260136,785,24,0
65.0,33213.27607959937,733,34,1
79.0,54466.40376377596,510,15,1
29.0,24206.884899316694,676,1,0
22.0,54253.37105916369,694,23,1
54.0,45790.75975752778,749,9,0
49.0,55618.77664176467,663,37,0
,34267.57498877486,756,21,1
72.0,18209.639479420366,525,25,1
26.0,44737.02039539691,430,38,0
58.0,34311.30996714353,775,26,0
52.0,23291.649751842764,576,28,1
36.0,61519.749045418546,455,37,1
65.0,74018.5734071306,517,19,1
33.0,38045.72846338175,489,26,1
20.0,48863.437591678194,716,19,0
37.0,45383.21574980282,845,18,1
41.0,40116.52367035695,340,19,0
71.0,59956.05820832032,606,34,0
73.0,65152.121906429275,637,1,1
50.0,36970.89216101594,613,29,0
41.0,50671.503006423554,374,33,1
69.0,69267.99550900841,578,21,0
28.0,60335.54304822459,475,2,1
66.0,62565.46157600733,572,5,0
25.0,70519.77961163622,588,14,0
53.0,70322.67758559875,571,26,1
55.0,,365,9,1
57.0,52174.06122171771,782,8,0
37.0,44262.75473812862,547,32,0
79.0,51552.16647969778,455,31,1
52.0,41983.89970964947,346,5,0
65.0,20712.696904839766,753,35,1
79.0,45807.514012999396,500,1,0
42.0,55362.89365755831,423,28,1
52.0,,300,3,0
42.0,47108.303191420884,490,0,1
46.0,47689.449260499016,815,18,1
35.0,70352.85161328333,741,25,0
63.0,44608.440889626465,442,24,1
35.0,70349.50073275181,490,9,0
19.0,9312.642622280393,832,14,1
71.0,70217.83671993554,526,21,1
52.0,69461.09172293937,612,20,1
33.0,63533.820100837875,601,21,0
78.0,19821.229951943427,759,35,1
58.0,65283.30492833722,700,33,0
53.0,49248.212364871244,692,29,1
50.0,12059.938401130094,506,24,0
21.0,69472.66561752044,509,27,0
50.0,71662.59617823453,414,0,0
31.0,21432.31892202243,550,3,1
38.0,52631.3161295017,518,6,0
65.0,70828.86682166274,706,8,1
37.0,68452.4197018572,742,35,0
73.0,62540.91576739286,653,18,0
25.0,10291.206801537373,849,0,0
24.0,60943.14149953721,441,9,0
20.0,46728.44152439086,800,35,1
34.0,64937.86293077742,846,8,0
50.0,53842.42187650737,841,31,0
,49701.77584566703,806,31,1
29.0,59613.557741138546,580,5,0
76.0,47421.29943392363,723,37,0
68.0,49635.84080162087,569,16,0
39.0,41671.64001306857,453,9,0
72.0,25918.865132231564,382,26,1
39.0,58517.80210656907,725,34,1
63.0,37909.54520494145,574,20,0
47.0,46988.122009388986,583,24,1
55.0,54304.609376809,472,27,1
55.0,18721.735346518417,626,14,0
62.0,22079.76644484765,362,3,1
68.0,45503.92135086196,372,28,0
71.0,56818.452234494835,674,8,1
25.0,61160.57405973742,807,26,1
44.0,26130.282561861393,697,25,1
44.0,59549.47226619223,419,18,0
51.0,46323.95572525496,736,27,1
38.0,36752.641323552845,764,16,0
47.0,,585,19,0
50.0,62027.8599806025,564,39,1
45.0,54110.08677628357,619,38,0
64.0,50754.59784132981,675,22,1
50.0,53652.4360821185,388,31,0
22.0,63921.4666492429,502,32,0
77.0,48543.50648895015,633,4,1
78.0,50814.78329681355,521,33,1
65.0,67072.56110206708,340,39,1
36.0,45026.20063605262,367,10,1
21.0,59272.108929210226,813,2,0
52.0,42444.43278990288,426,32,0
66.0,43761.98987882323,554,10,0
34.0,48439.25364800545,315,15,1
61.0,57729.09279480148,776,17,0
45.0,67912.72943826603,361,29,1
47.0,51448.178953081624,731,9,0
46.0,27502.446330146835,567,17,1
,59471.69440300907,334,37,0
70.0,86807.63261218564,793,18,0
23.0,51630.032466010256,768,35,1
52.0,24368.48541230631,624,12,0
77.0,52544.79334206277,603,2,1
58.0,49954.81095224241,575,9,0
54.0,,500,37,0
41.0,64181.14849965699,744,0,1
46.0,70674.12179503587,623,26,1
66.0,60253.78617801624,334,7,0
,48004.128729933975,781,16,0
70.0,66885.18176554445,779,8,0
48.0,27592.55538178639,364,5,0
52.0,39259.158188990084,307,24,0
77.0,40930.58332097405,600,38,0
50.0,49535.74028102098,642,27,1
69.0,57601.01993730257,730,32,1
78.0,46989.305774940745,723,36,1
38.0,,631,8,0
49.0,64622.754270441954,737,17,0
40.0,46468.149166929594,473,20,0
50.0,51531.9338130655,826,1,1
20.0,58266.016182138614,325,37,1
35.0,50583.1641188442,705,39,0
,50649.07542116435,531,35,0
59.0,65457.10130653744,832,36,1
48.0,52270.54211855565,849,14,1
71.0,62941.954786857335,804,27,1
75.0,58170.01166477585,478,17,0
20.0,80253.31316280374,431,33,0
57.0,56141.20126803695,754,21,0
63.0,59569.59905226159,647,10,1
41.0,66524.85070994552,839,12,1
67.0,50954.26639925255,705,3,0
49.0,40432.20354905839,375,21,0
64.0,42887.816283148146,791,6,1
39.0,43032.39611746268,493,23,0
40.0,35745.03547704923,461,3,1
19.0,54767.07753802826,646,27,1
44.0,40557.25177926374,660,14,0
59.0,52922.79231802771,386,0,1
19.0,47619.88334434046,561,2,0
,49375.677600612275,513,13,1
34.0,58340.84971743284,561,37,1
57.0,41871.51313417178,582,0,0
50.0,59583.3656890516,766,37,1
26.0,73509.61799958428,679,37,0
60.0,55146.63624427638,661,20,0
71.0,38268.56472091297,748,28,1
65.0,40774.72982990305,740,4,0
56.0,46276.056488223265,392,9,0
46.0,41076.64554395651,723,27,0
59.0,35132.29535584925,441,20,0
72.0,52316.10915442538,590,6,0
43.0,46682.04002411302,731,2,0
52.0,52845.81325337087,348,19,1
67.0,67795.81118322932,601,18,0
42.0,46454.70749113461,489,34,1
41.0,32218.699929795333,435,3,1
30.0,44016.61261619673,703,4,0
77.0,61556.37825674964,640,0,1
75.0,60151.55406075432,617,3,1
24.0,57779.59471420351,662,11,0
74.0,40629.39915256845,681,26,0
53.0,61278.53927049048,532,22,0
62.0,64653.48617055599,643,24,1
37.0,39568.67555165036,848,20,1
18.0,49376.44853686213,828,23,0
25.0,80306.02945523168,482,24,0
63.0,38901.885853049185,340,31,1
33.0,24423.69996134413,696,31,1
31.0,70743.56651697197,793,4,1
29.0,67049.0715755684,632,35,1
68.0,43145.49014633863,426,38,0
40.0,48305.1232719787,300,15,1
32.0,31625.974247165715,467,32,1
45.0,51334.284089145534,318,20,1
51.0,67488.705730571,631,8,1
19.0,41860.92737362583,755,5,0
49.0,63156.52968179439,408,34,0
40.0,,567,38,1
39.0,58667.253363217096,744,21,1
68.0,42735.362291204474,539,4,0
42.0,44680.637255997586,600,22,0
75.0,22298.413482928976,402,16,1
79.0,41499.95881234841,549,11,1
78.0,67452.28187046888,752,22,0
39.0,36060.017088465895,819,15,0
75.0,38295.47519214643,452,2,0
75.0,59602.84735560686,473,29,0
39.0,56041.5243798964,642,21,0
66.0,60347.94874694451,730,8,0
69.0,32551.69189864394,623,28,1
59.0,88460.8692395052,719,36,0
23.0,31763.699387491244,784,22,0
32.0,52313.709706011025,711,12,0
71.0,47620.167561971204,383,31,0
60.0,32200.37723952429,412,22,1
77.0,44446.858657801255,631,16,1
54.0,50349.61401328805,677,39,0
50.0,40250.40182204795,340,20,1
25.0,64058.35432302274,404,1,1
70.0,47575.613818062935,501,36,1
77.0,29880.8799347257,749,5,1
61.0,28608.117009960544,565,17,1
61.0,59092.476359171844,509,29,1
22.0,27698.438259494957,417,21,0
56.0,54746.39109573625,676,32,0
21.0,56669.82778500439,839,29,0
23.0,,383,16,0
62.0,63361.071256623356,753,31,0
49.0,24233.095643575518,813,13,1
69.0,54446.88400997838,686,9,0
47.0,49387.130996059874,649,35,0
64.0,48215.0303640366,595,33,1
52.0,32331.550355291412,557,8,1
72.0,35944.66993400111,380,27,0
57.0,74282.03037530897,567,10,1
69.0,68227.3251330763,718,13,1
33.0,61131.268827856984,534,38,1
30.0,64097.72155294532,610,18,1
67.0,62690.20317006903,656,14,0
77.0,45149.65681570687,512,27,1
59.0,50714.05327721527,348,23,0
47.0,27912.374329384867,426,7,0
36.0,48654.56559788711,522,8,1
34.0,67751.2137430878,578,32,1
73.0,40089.39127614297,707,32,1
36.0,,804,18,0
45.0,51373.78608040645,593,2,1
75.0,29219.422014954016,576,9,1
72.0,33390.207299805326,737,39,1
43.0,63789.54304561632,406,0,1
54.0,58287.861278875775,719,28,1
43.0,51526.46109481438,728,33,0
70.0,45889.52278628082,674,12,1
79.0,53158.51966442878,372,0,1
40.0,63204.443738798735,329,33,1
26.0,72137.79920730928,487,28,0
29.0,72855.26299160907,663,12,1
70.0,,750,28,0
18.0,47421.02464453219,494,38,0
75.0,52193.720117282835,455,23,1
75.0,57831.8053588262,471,25,1
18.0,57771.00415767637,340,16,1
64.0,69619.79955710158,362,6,0
51.0,81736.33582874983,322,12,0
49.0,46921.180555788706,659,4,0
79.0,82338.27363236694,374,25,0
71.0,,417,2,0
65.0,,679,6,0
42.0,72478.4725829762,589,38,1
57.0,75284.72452128747,739,0,1
62.0,43095.5683370923,306,16,0
70.0,75983.22878728472,495,24,1
18.0,66126.24231553945,720,2,1
33.0,85528.38691968788,492,14,0
78.0,43639.421270007515,447,28,0
56.0,,501,31,1
22.0,19600.0680538499,743,25,0
,58567.90880851943,718,15,0
46.0,55628.768834280774,726,24,1
72.0,41555.094926965,778,27,0
20.0,48772.23902767913,774,8,1
29.0,30331.68484737327,425,0,1
43.0,67976.67429247529,694,28,1
33.0,42654.50788207535,624,21,1
,96410.73523431427,691,15,1
54.0,47365.980489334506,739,6,0
39.0,38605.717384275355,503,13,0
74.0,43815.303218977075,785,28,0
46.0,28820.58535183623,330,18,0
31.0,,687,18,1
45.0,43701.50450331317,733,1,1
22.0,66968.79185596606,675,14,0
64.0,45878.787572383735,643,2,1
66.0,70766.6316752847,742,10,0
47.0,61361.83623975561,374,29,0
63.0,50428.95165077516,454,39,0
79.0,73703.48881026232,729,17,1
69.0,64284.40191555814,662,1,1
22.0,94193.19239994838,747,31,1
29.0,43858.17132532693,533,7,1
33.0,51149.24158187691,561,21,0
43.0,73530.63516516394,424,5,1
43.0,26846.932822473314,544,11,1
65.0,69754.15344848843,841,39,1
38.0,56589.54136522206,784,35,0
56.0,36676.83866829128,421,14,0
53.0,29554.405121733176,424,27,1
50.0,39912.65790304574,848,17,1
79.0,15727.706415116423,469,1,1
47.0,42656.908344627445,423,12,1
54.0,59338.345000138725,334,14,0
40.0,42855.49038546758,386,19,1
,70824.69052150712,500,28,1
27.0,74899.21404087932,668,28,1
71.0,69134.66723938662,376,2,0
22.0,53459.613653965476,358,18,0
53.0,15129.81091270296,730,2,1
51.0,39444.53761951091,799,13,1
69.0,47869.422098384195,408,39,1
48.0,36591.985257427834,577,3,1
27.0,47907.417867701435,367,10,1
75.0,74151.01203040069,368,30,0
36.0,25313.35205727023,464,31,0
75.0,77175.3808417854,788,26,0
49.0,63270.89632631206,604,29,1
18.0,54023.25212416543,664,1,0
73.0,39295.75166388854,678,8,0
22.0,36890.74481762862,642,27,0
62.0,25606.734281168905,653,30,1
21.0,75751.48220471581,715,33,1
33.0,73064.17340111062,408,14,0
41.0,28905.730571250766,796,24,1
33.0,41710.58007640698,640,35,0
72.0,56497.17153847863,682,7,0
19.0,45507.36292741688,832,8,0
66.0,21219.878644522734,599,36,0
45.0,40133.40859166467,438,38,1
49.0,79265.51447030029,658,31,1
44.0,41150.32114378334,798,16,1
37.0,47547.98994946689,684,34,1
41.0,32822.33863946929,579,36,0
29.0,58816.44477925622,782,18,1
67.0,51727.27698536876,410,28,0
52.0,38869.70387664532,438,6,1
77.0,30430.169062888624,734,27,1
50.0,71068.15061016314,808,8,1
50.0,25916.848900383797,572,27,0
78.0,57557.23543384332,398,5,0
68.0,17691.811329326403,403,28,0
60.0,,513,16,0
54.0,64554.48330890091,464,15,1
29.0,66421.75567459871,819,22,0
20.0,,583,30,0
18.0,73760.05408345544,816,2,1
50.0,84616.87542494101,463,20,1
57.0,,363,25,0
27.0,43234.92454805109,390,35,1
60.0,,416,36,0
61.0,42834.79781158689,566,21,1
46.0,40641.94705984819,439,11,0
30.0,41948.92189637736,545,12,0
29.0,75736.34012009368,694,10,0
48.0,61578.22992553148,786,15,0
63.0,42785.80809112863,775,7,0
19.0,13173.12461416571,816,39,1
78.0,26833.032595902987,483,39,0
68.0,,319,1,0
67.0,18176.66087916774,823,29,0
52.0,54394.90291177934,828,29,0
40.0,34016.544127024616,446,11,0
34.0,51377.0866187101,603,9,1
43.0,50957.84452001214,527,10,1
25.0,51808.84900836066,401,14,0
46.0,44083.672293822194,716,15,1
43.0,43590.715615884015,515,16,0
27.0,39188.14371595342,706,25,1
43.0,57258.38475862835,698,1,1
79.0,62077.89012171423,798,11,0
51.0,31715.412161958106,764,25,1
68.0,49225.57291561596,381,22,1
58.0,52948.73110231607,664,17,0
24.0,52756.56701934563,462,31,0
21.0,52501.544293947765,347,37,1
75.0,43969.47784482164,810,2,1
70.0,54185.456381938086,628,37,1
,59270.4306647543,415,2,0
62.0,52115.54983733846,636,29,1
28.0,57589.09754800586,446,0,1
46.0,64855.3011655626,622,29,1
73.0,22235.89463157098,742,31,0
53.0,64151.95762798051,312,27,0
42.0,55136.41647831912,793,20,0
38.0,33325.6200839191,586,12,0
78.0,62037.06323479533,413,26,1
,44025.18640964058,779,35,0
53.0,46070.503455221704,321,6,1
27.0,42384.80326301507,648,21,1
54.0,54535.98266357337,619,9,1
26.0,38219.7028623192,425,38,1
41.0,63522.119449216785,576,14,0
52.0,47917.06119207993,503,14,0
66.0,44536.96274768094,493,3,0
52.0,61293.135164209554,846,31,0
65.0,45206.64856521379,585,22,0
53.0,64222.65238043452,356,5,1
35.0,64693.89426261299,602,23,0
66.0,29977.942426715344,462,19,0
56.0,66638.90303334386,318,36,0
49.0,28069.460427471717,669,19,0
41.0,67573.70790323766,563,11,1
40.0,80425.35788345359,412,32,1
79.0,63122.51657403697,787,27,1
49.0,17645.290329504904,626,7,1
54.0,65953.48579079028,841,0,1
29.0,83691.93448904017,364,36,0
66.0,,591,21,1
72.0,49479.45019955165,324,5,1
30.0,32172.69917110352,848,20,1
40.0,54681.19128229504,300,31,0
42.0,69037.65773814694,848,34,0
52.0,60466.05692224181,440,14,1
58.0,97129.50465931698,487,4,0
47.0,50495.40564448696,427,5,0
34.0,25539.899488771036,500,24,1
66.0,52564.56457352329,426,39,0
79.0,13753.223521812652,556,28,0
37.0,42003.441127032296,846,6,0
65.0,74365.73087900318,493,39,1
42.0,54877.00472947657,403,12,1
39.0,52691.25219246903,834,37,1
30.0,77311.70565073035,564,17,0
76.0,45941.00162504945,683,1,1
36.0,68927.30619401163,559,7,0
66.0,,713,10,0
53.0,55700.711951885394,657,32,0
,31740.427162054806,374,37,1
78.0,42769.29807757675,654,26,1
58.0,29037.226507341897,487,19,1
36.0,48571.323826619824,589,11,1
29.0,55856.035158744,344,30,0
26.0,33349.42842362822,382,26,1
24.0,80737.68384027235,422,31,0
45.0,54171.59028637941,657,9,1
31.0,,827,2,1
,61544.86627018438,365,26,1
69.0,37566.07878701117,674,34,0
36.0,52452.1621875118,461,30,0
75.0,39247.00669463613,679,14,0
64.0,73380.19865133474,657,15,0
33.0,34120.40975904378,487,12,0
70.0,50947.4818896076,621,34,1
22.0,54939.73677727664,749,10,0
52.0,55922.386166115524,773,20,0
,41281.472403757514,312,10,0
42.0,36567.35896782353,483,29,0
69.0,41498.072404308514,410,34,1
76.0,57924.881513154236,807,21,0
38.0,47842.313436320546,589,37,1
53.0,,594,30,1
70.0,57155.0557909261,750,13,1
40.0,15846.30952850588,514,23,0
33.0,,326,31,1
74.0,83756.82151724405,530,35,0
56.0,69879.03576557497,620,31,0
62.0,56330.19741060453,532,14,0
70.0,34109.11804295084,736,34,0
59.0,57163.30574188469,832,2,0
75.0,61096.24909817388,702,15,1
56.0,46193.79978758624,352,4,1
31.0,54751.130882066565,612,20,0
48.0,72644.9368759406,580,9,1
75.0,37140.88370387411,330,18,0
22.0,34125.5059256131,636,24,1
52.0,60390.48988991319,482,3,1
40.0,56863.13954297121,322,28,1
46.0,65432.57443119217,843,18,1
60.0,58546.90717855655,745,1,1
28.0,41483.6740523871,373,9,0
35.0,56482.88977198107,309,24,0
64.0,32868.101850557396,783,19,1
29.0,,755,18,0
26.0,57541.98846449606,459,22,1
27.0,44592.286749141655,313,23,0
75.0,87020.78273344741,477,10,1
61.0,21617.236267644996,711,33,1
34.0,41787.64464501784,352,27,1
78.0,35933.30249195134,707,4,0
55.0,39494.7678881307,321,4,0
24.0,40355.02664778682,329,20,1
63.0,30103.689697115104,559,11,1
30.0,61290.53222858941,504,3,0
57.0,41793.570539193475,358,19,0
59.0,52453.60003382982,770,37,0
26.0,43477.61357134632,765,24,0
67.0,39636.79381570686,311,13,0
44.0,75084.18854130275,589,10,1
75.0,63843.98273314112,653,31,0
19.0,21976.99400067283,374,10,1
22.0,20387.938274961696,740,17,1
46.0,65639.1325345473,540,26,0
54.0,42202.19912676869,453,17,0
55.0,25263.76499098666,395,22,1
36.0,65686.02698810512,593,10,0
25.0,52536.860751486354,508,20,1
65.0,53773.56627248479,642,4,0
62.0,,387,22,0
18.0,30350.342625764097,689,24,0
39.0,25527.48767923753,624,9,1
69.0,73714.31442354803,456,21,0
34.0,28442.498588865612,436,18,1
24.0,31666.43304386654,727,0,0
42.0,34663.46930681351,751,6,1
62.0,81199.18885535783,440,3,0
21.0,57400.74950617284,382,0,1
53.0,64481.119616530705,476,14,1
23.0,52942.51318368093,497,39,1
77.0,40971.691831981494,720,11,1
48.0,59469.36924890252,700,21,1
36.0,26650.76043804795,770,21,1
78.0,33570.74821855257,517,16,0
61.0,60994.62768892222,474,28,1
71.0,29641.1715375983,322,13,1
56.0,47163.7779625719,534,19,1
44.0,47847.314834668825,312,32,0
27.0,42070.06994994257,400,14,0
,,835,11,0
36.0,40566.06663216961,822,39,1
56.0,37625.47434601272,751,19,0
79.0,52421.59794931548,730,29,0
20.0,51657.35808049203,832,37,1
62.0,55669.42189905311,592,2,1
30.0,39860.205905384035,400,27,0
67.0,57841.669256988374,801,25,1
45.0,26659.899008394754,603,29,1
79.0,22671.429010214688,839,12,1
75.0,14966.409137500581,654,12,1
37.0,42510.54140642004,602,1,0
45.0,38700.52663492164,795,36,1
25.0,61839.734177819,526,37,0
78.0,40270.06119426695,535,1,0
58.0,54100.645219164006,754,35,0
56.0,62199.448648746155,312,25,0
18.0,39705.213865263264,509,10,1
20.0,54470.78315160763,696,7,1
30.0,65028.91323432792,399,39,1
45.0,31427.55837791649,330,21,0
79.0,50372.785073669664,827,19,0
74.0,39769.48425201028,628,7,0
77.0,,465,28,1
66.0,26953.223892646565,758,39,0
42.0,32140.27141731949,399,25,1
73.0,50900.43508628019,472,29,1
50.0,25837.3331665738,461,16,1
55.0,41739.094638670445,562,19,1
70.0,62197.91610279346,573,15,0
23.0,56735.164451284036,302,6,1
75.0,42042.38565592765,327,15,0
61.0,75345.35620038086,625,26,1
62.0,78395.54620867492,448,22,0
49.0,50391.836473095886,839,23,0
,12971.856261735375,787,8,1
78.0,63296.722955243895,737,34,1
64.0,15590.354899496218,364,19,1
38.0,,655,36,0
33.0,66253.77351113448,832,16,1
71.0,76613.1875620703,551,30,1
38.0,53903.9833755159,534,7,0
28.0,44579.21349227243,526,14,1
77.0,43248.48299464664,824,30,0
54.0,41806.09743453654,612,29,1
,64716.02980512054,348,19,0
52.0,60684.07234258817,417,38,0
36.0,51803.384501513196,353,11,1
37.0,39167.28038109542,343,16,0
74.0,89438.18946950408,352,29,1
35.0,63685.619209443044,824,28,1
64.0,26034.321203398868,401,18,0
,42256.1597609431,697,10,1
66.0,63976.64146113058,437,33,0
31.0,38006.91618150974,686,6,0
32.0,55273.219382388335,410,33,0
48.0,64261.94450504222,316,19,0
18.0,-826.4212398458985,481,37,0
70.0,48379.43450316125,835,23,0
71.0,48968.137303476826,840,9,0
71.0,,470,31,0
20.0,54525.42702419061,708,14,1
33.0,59862.79411243812,677,36,1
40.0,52130.764164869135,487,19,0
74.0,,529,2,1
28.0,59489.319496764045,418,36,1
29.0,50735.801139115356,455,39,1
27.0,46539.493802067824,764,7,1
49.0,30315.809219916213,403,39,1
33.0,26560.178221008824,801,22,1
25.0,30031.553109288943,474,39,0
55.0,54174.93591830322,720,10,1
29.0,48813.818785904725,433,7,1
41.0,27795.738526888053,690,28,1
45.0,59688.767386907166,800,29,1
70.0,70614.64269768643,332,9,0
25.0,41022.595749254964,354,38,0
75.0,23885.27213947439,818,27,0
45.0,39363.10422647131,311,35,0
53.0,62816.90940192041,827,12,1
43.0,58227.94787802161,672,31,0
25.0,36163.50970982782,783,35,0
75.0,72817.58206647114,527,36,0
77.0,70224.20098889599,606,25,0
67.0,39004.90905085039,756,21,1
45.0,38850.6499555255,459,3,0
45.0,41107.580939307656,630,30,1
54.0,42390.00836917181,524,17,0
58.0,64258.070118926655,803,37,1
,56379.93590714891,755,23,1
44.0,63156.18154025881,344,22,0
71.0,60103.4771478005,513,21,0
34.0,75717.90602290598,358,1,0
26.0,34109.216842862894,494,30,0
50.0,55705.37795575874,788,10,1
70.0,17392.681156479535,456,27,1
37.0,30245.666388547124,525,31,0
30.0,48877.19921097729,711,4,0
45.0,56273.09919131804,504,37,1
65.0,48472.76386955646,378,9,0
46.0,41492.11371780983,423,39,1
30.0,44158.731837604435,770,23,0
63.0,70541.61464636156,517,34,1
52.0,44239.51733179789,815,22,1
78.0,76238.62433065292,403,16,1
23.0,61910.256103117004,692,0,1
35.0,,733,30,1
68.0,32096.046345185066,630,30,0
22.0,64028.5724209944,442,33,1
64.0,42593.44133377251,839,8,0
42.0,32083.403629914505,577,21,1
19.0,57692.65419619066,532,12,1
27.0,29180.809091501906,828,24,0
73.0,38566.37806805626,389,17,0
47.0,,791,11,0
67.0,83276.32136172091,498,39,0
76.0,39696.26366311269,661,16,1
62.0,43126.752210491366,740,14,0
22.0,,325,14,1
72.0,31425.56467435931,324,14,0
73.0,56642.09571531373,693,38,0
50.0,68088.90211424882,806,12,1
71.0,45393.57672933348,600,16,1
18.0,65392.31422095298,638,31,0
35.0,54371.74884817709,566,8,1
49.0,39039.77054294329,760,39,1
64.0,47032.9297115524,755,19,1
66.0,44303.639900296366,659,25,1
